Sample,Time(S),CH1(V)
0,-8e-06,0.000790078
1,-7.99e-06,0.000790078
2,-7.98e-06,-0.000589962
3,-7.97e-06,0.00217012
4,-7.96e-06,0.000790078
5,-7.95e-06,0.000790078
6,-7.94e-06,0.000790078
7,-7.93e-06,0.000790078
8,-7.92e-06,0.000790078
9,-7.91e-06,0.00217012
10,-7.9e-06,0.000790078
11,-7.89e-06,-0.000589962
12,-7.88e-06,-0.000589962
13,-7.87e-06,-0.000589962
14,-7.86e-06,-0.000589962
15,-7.85e-06,0.000790078
16,-7.84e-06,-0.00335004
17,-7.83e-06,0.000790078
18,-7.82e-06,0.000790078
19,-7.81e-06,-0.00197
20,-7.8e-06,-0.00197
21,-7.79e-06,-0.000589962
22,-7.78e-06,-0.000589962
23,-7.77e-06,-0.000589962
24,-7.76e-06,-0.00197
25,-7.75e-06,0.000790078
26,-7.74e-06,-0.00197
27,-7.73e-06,-0.000589962
28,-7.72e-06,-0.000589962
29,-7.71e-06,0.000790078
30,-7.7e-06,-0.00197
31,-7.69e-06,0.000790078
32,-7.68e-06,0.00217012
33,-7.67e-06,-0.000589962
34,-7.66e-06,0.000790078
35,-7.65e-06,-0.000589962
36,-7.64e-06,-0.000589962
37,-7.63e-06,0.000790078
38,-7.62e-06,-0.000589962
39,-7.61e-06,-0.000589962
40,-7.6e-06,0.00217012
41,-7.59e-06,0.000790078
42,-7.58e-06,0.00217012
43,-7.57e-06,-0.000589962
44,-7.56e-06,0.000790078
45,-7.55e-06,0.000790078
46,-7.54e-06,0.000790078
47,-7.53e-06,0.000790078
48,-7.52e-06,-0.000589962
49,-7.51e-06,0.000790078
50,-7.5e-06,-0.00197
51,-7.49e-06,0.00217012
52,-7.48e-06,-0.00197
53,-7.47e-06,-0.00197
54,-7.46e-06,-0.00197
55,-7.45e-06,0.000790078
56,-7.44e-06,0.000790078
57,-7.43e-06,0.00217012
58,-7.42e-06,-0.000589962
59,-7.41e-06,-0.000589962
60,-7.4e-06,-0.000589962
61,-7.39e-06,-0.000589962
62,-7.38e-06,-0.000589962
63,-7.37e-06,0.000790078
64,-7.36e-06,0.000790078
65,-7.35e-06,0.000790078
66,-7.34e-06,-0.000589962
67,-7.33e-06,-0.00197
68,-7.32e-06,-0.000589962
69,-7.31e-06,-0.000589962
70,-7.3e-06,-0.00197
71,-7.29e-06,-0.000589962
72,-7.28e-06,-0.000589962
73,-7.27e-06,-0.000589962
74,-7.26e-06,-0.00197
75,-7.25e-06,0.000790078
76,-7.24e-06,-0.000589962
77,-7.23e-06,0.000790078
78,-7.22e-06,0.000790078
79,-7.21e-06,0.00217012
80,-7.2e-06,-0.000589962
81,-7.19e-06,0.00217012
82,-7.18e-06,-0.000589962
83,-7.17e-06,0.00217012
84,-7.16e-06,0.000790078
85,-7.15e-06,0.000790078
86,-7.14e-06,0.000790078
87,-7.13e-06,-0.000589962
88,-7.12e-06,0.000790078
89,-7.11e-06,-0.000589962
90,-7.1e-06,0.000790078
91,-7.09e-06,0.000790078
92,-7.08e-06,0.000790078
93,-7.07e-06,0.00217012
94,-7.06e-06,0.00217012
95,-7.05e-06,0.000790078
96,-7.04e-06,0.00217012
97,-7.03e-06,0.000790078
98,-7.02e-06,-0.000589962
99,-7.01e-06,0.00217012
100,-7e-06,0.000790078
101,-6.99e-06,-0.000589962
102,-6.98e-06,0.000790078
103,-6.97e-06,0.000790078
104,-6.96e-06,-0.000589962
105,-6.95e-06,-0.000589962
106,-6.94e-06,-0.000589962
107,-6.93e-06,0.000790078
108,-6.92e-06,0.000790078
109,-6.91e-06,0.00217012
110,-6.9e-06,0.000790078
111,-6.89e-06,-0.000589962
112,-6.88e-06,0.000790078
113,-6.87e-06,-0.000589962
114,-6.86e-06,-0.000589962
115,-6.85e-06,0.000790078
116,-6.84e-06,-0.000589962
117,-6.83e-06,-0.000589962
118,-6.82e-06,0.000790078
119,-6.81e-06,0.00217012
120,-6.8e-06,0.000790078
121,-6.79e-06,0.00217012
122,-6.78e-06,-0.000589962
123,-6.77e-06,-0.000589962
124,-6.76e-06,-0.000589962
125,-6.75e-06,0.000790078
126,-6.74e-06,-0.00197
127,-6.73e-06,0.000790078
128,-6.72e-06,0.000790078
129,-6.71e-06,0.000790078
130,-6.7e-06,-0.000589962
131,-6.69e-06,0.000790078
132,-6.68e-06,-0.000589962
133,-6.67e-06,-0.000589962
134,-6.66e-06,-0.000589962
135,-6.65e-06,-0.000589962
136,-6.64e-06,-0.00197
137,-6.63e-06,-0.000589962
138,-6.62e-06,-0.000589962
139,-6.61e-06,-0.000589962
140,-6.6e-06,0.000790078
141,-6.59e-06,0.000790078
142,-6.58e-06,0.00217012
143,-6.57e-06,0.000790078
144,-6.56e-06,-0.000589962
145,-6.55e-06,0.00217012
146,-6.54e-06,-0.000589962
147,-6.53e-06,-0.000589962
148,-6.52e-06,-0.000589962
149,-6.51e-06,-0.000589962
150,-6.5e-06,-0.000589962
151,-6.49e-06,-0.000589962
152,-6.48e-06,-0.00335004
153,-6.47e-06,0.000790078
154,-6.46e-06,0.000790078
155,-6.45e-06,-0.000589962
156,-6.44e-06,-0.00197
157,-6.43e-06,0.000790078
158,-6.42e-06,-0.000589962
159,-6.41e-06,-0.000589962
160,-6.4e-06,-0.00197
161,-6.39e-06,-0.00197
162,-6.38e-06,-0.00197
163,-6.37e-06,-0.000589962
164,-6.36e-06,0.000790078
165,-6.35e-06,-0.000589962
166,-6.34e-06,0.000790078
167,-6.33e-06,0.000790078
168,-6.32e-06,-0.000589962
169,-6.31e-06,-0.000589962
170,-6.3e-06,-0.00335004
171,-6.29e-06,-0.00197
172,-6.28e-06,-0.00473008
173,-6.27e-06,-0.000589962
174,-6.26e-06,-0.00197
175,-6.25e-06,-0.000589962
176,-6.24e-06,-0.000589962
177,-6.23e-06,0.000790078
178,-6.22e-06,0.000790078
179,-6.21e-06,-0.000589962
180,-6.2e-06,-0.000589962
181,-6.19e-06,0.000790078
182,-6.18e-06,-0.000589962
183,-6.17e-06,-0.000589962
184,-6.16e-06,-0.00197
185,-6.15e-06,0.000790078
186,-6.14e-06,-0.000589962
187,-6.13e-06,-0.000589962
188,-6.12e-06,0.000790078
189,-6.11e-06,-0.000589962
190,-6.1e-06,0.000790078
191,-6.09e-06,0.000790078
192,-6.08e-06,0.000790078
193,-6.07e-06,0.000790078
194,-6.06e-06,0.000790078
195,-6.05e-06,0.00217012
196,-6.04e-06,0.000790078
197,-6.03e-06,-0.000589962
198,-6.02e-06,0.00217012
199,-6.01e-06,0.000790078
200,-6e-06,0.000790078
201,-5.99e-06,-0.00197
202,-5.98e-06,-0.000589962
203,-5.97e-06,0.000790078
204,-5.96e-06,-0.00197
205,-5.95e-06,-0.00197
206,-5.94e-06,-0.00197
207,-5.93e-06,0.000790078
208,-5.92e-06,0.000790078
209,-5.91e-06,0.000790078
210,-5.9e-06,-0.000589962
211,-5.89e-06,0.0049302
212,-5.88e-06,0.00217012
213,-5.87e-06,0.00217012
214,-5.86e-06,-0.000589962
215,-5.85e-06,0.000790078
216,-5.84e-06,-0.000589962
217,-5.83e-06,0.000790078
218,-5.82e-06,0.00217012
219,-5.81e-06,-0.000589962
220,-5.8e-06,0.000790078
221,-5.79e-06,0.00217012
222,-5.78e-06,-0.00197
223,-5.77e-06,-0.00197
224,-5.76e-06,-0.000589962
225,-5.75e-06,-0.000589962
226,-5.74e-06,-0.00197
227,-5.73e-06,-0.000589962
228,-5.72e-06,-0.000589962
229,-5.71e-06,-0.000589962
230,-5.7e-06,0.000790078
231,-5.69e-06,-0.000589962
232,-5.68e-06,0.000790078
233,-5.67e-06,-0.00197
234,-5.66e-06,-0.00197
235,-5.65e-06,-0.00197
236,-5.64e-06,-0.000589962
237,-5.63e-06,0.000790078
238,-5.62e-06,-0.00197
239,-5.61e-06,0.000790078
240,-5.6e-06,-0.000589962
241,-5.59e-06,-0.00197
242,-5.58e-06,-0.00335004
243,-5.57e-06,-0.000589962
244,-5.56e-06,-0.00197
245,-5.55e-06,-0.000589962
246,-5.54e-06,0.000790078
247,-5.53e-06,0.000790078
248,-5.52e-06,0.000790078
249,-5.51e-06,-0.000589962
250,-5.5e-06,0.000790078
251,-5.49e-06,0.000790078
252,-5.48e-06,0.000790078
253,-5.47e-06,-0.000589962
254,-5.46e-06,-0.00197
255,-5.45e-06,-0.000589962
256,-5.44e-06,-0.00197
257,-5.43e-06,-0.000589962
258,-5.42e-06,-0.000589962
259,-5.41e-06,0.000790078
260,-5.4e-06,0.000790078
261,-5.39e-06,0.00217012
262,-5.38e-06,-0.00197
263,-5.37e-06,0.00217012
264,-5.36e-06,0.000790078
265,-5.35e-06,0.000790078
266,-5.34e-06,-0.00335004
267,-5.33e-06,0.000790078
268,-5.32e-06,0.00217012
269,-5.31e-06,0.00217012
270,-5.3e-06,0.00217012
271,-5.29e-06,0.000790078
272,-5.28e-06,-0.000589962
273,-5.27e-06,0.00217012
274,-5.26e-06,-0.000589962
275,-5.25e-06,-0.000589962
276,-5.24e-06,0.000790078
277,-5.23e-06,0.000790078
278,-5.22e-06,0.000790078
279,-5.21e-06,0.000790078
280,-5.2e-06,-0.000589962
281,-5.19e-06,0.00217012
282,-5.18e-06,0.000790078
283,-5.17e-06,0.00217012
284,-5.16e-06,0.00217012
285,-5.15e-06,0.000790078
286,-5.14e-06,0.000790078
287,-5.13e-06,0.000790078
288,-5.12e-06,-0.00197
289,-5.11e-06,-0.000589962
290,-5.1e-06,0.000790078
291,-5.09e-06,0.00217012
292,-5.08e-06,0.000790078
293,-5.07e-06,0.00217012
294,-5.06e-06,0.000790078
295,-5.05e-06,0.000790078
296,-5.04e-06,0.00217012
297,-5.03e-06,0.00217012
298,-5.02e-06,0.00217012
299,-5.01e-06,0.00217012
300,-5e-06,-0.000589962
301,-4.99e-06,-0.000589962
302,-4.98e-06,-0.000589962
303,-4.97e-06,0.00217012
304,-4.96e-06,0.000790078
305,-4.95e-06,-0.000589962
306,-4.94e-06,0.000790078
307,-4.93e-06,-0.000589962
308,-4.92e-06,0.000790078
309,-4.91e-06,0.00217012
310,-4.9e-06,-0.000589962
311,-4.89e-06,-0.000589962
312,-4.88e-06,0.000790078
313,-4.87e-06,-0.000589962
314,-4.86e-06,-0.000589962
315,-4.85e-06,0.000790078
316,-4.84e-06,-0.00197
317,-4.83e-06,-0.00197
318,-4.82e-06,-0.000589962
319,-4.81e-06,0.00217012
320,-4.8e-06,0.000790078
321,-4.79e-06,-0.00197
322,-4.78e-06,-0.00335004
323,-4.77e-06,-0.000589962
324,-4.76e-06,-0.00335004
325,-4.75e-06,-0.000589962
326,-4.74e-06,-0.000589962
327,-4.73e-06,-0.000589962
328,-4.72e-06,-0.00335004
329,-4.71e-06,-0.000589962
330,-4.7e-06,-0.000589962
331,-4.69e-06,-0.000589962
332,-4.68e-06,-0.000589962
333,-4.67e-06,-0.000589962
334,-4.66e-06,0.000790078
335,-4.65e-06,-0.000589962
336,-4.64e-06,-0.00197
337,-4.63e-06,-0.000589962
338,-4.62e-06,-0.00335004
339,-4.61e-06,-0.00197
340,-4.6e-06,-0.00335004
341,-4.59e-06,-0.00335004
342,-4.58e-06,-0.00197
343,-4.57e-06,-0.000589962
344,-4.56e-06,0.00217012
345,-4.55e-06,0.00217012
346,-4.54e-06,-0.000589962
347,-4.53e-06,-0.00197
348,-4.52e-06,0.000790078
349,-4.51e-06,-0.000589962
350,-4.5e-06,0.000790078
351,-4.49e-06,-0.000589962
352,-4.48e-06,0.000790078
353,-4.47e-06,0.00217012
354,-4.46e-06,0.000790078
355,-4.45e-06,-0.000589962
356,-4.44e-06,0.0049302
357,-4.43e-06,0.000790078
358,-4.42e-06,-0.000589962
359,-4.41e-06,0.000790078
360,-4.4e-06,-0.000589962
361,-4.39e-06,0.0049302
362,-4.38e-06,-0.000589962
363,-4.37e-06,-0.000589962
364,-4.36e-06,-0.000589962
365,-4.35e-06,-0.000589962
366,-4.34e-06,0.000790078
367,-4.33e-06,-0.000589962
368,-4.32e-06,-0.00197
369,-4.31e-06,-0.000589962
370,-4.3e-06,-0.000589962
371,-4.29e-06,-0.000589962
372,-4.28e-06,-0.000589962
373,-4.27e-06,-0.000589962
374,-4.26e-06,-0.000589962
375,-4.25e-06,0.000790078
376,-4.24e-06,0.00217012
377,-4.23e-06,0.00217012
378,-4.22e-06,-0.000589962
379,-4.21e-06,-0.000589962
380,-4.2e-06,0.000790078
381,-4.19e-06,0.00217012
382,-4.18e-06,0.000790078
383,-4.17e-06,0.000790078
384,-4.16e-06,-0.000589962
385,-4.15e-06,-0.000589962
386,-4.14e-06,-0.00197
387,-4.13e-06,-0.000589962
388,-4.12e-06,0.000790078
389,-4.11e-06,0.000790078
390,-4.1e-06,-0.00197
391,-4.09e-06,0.000790078
392,-4.08e-06,-0.000589962
393,-4.07e-06,-0.000589962
394,-4.06e-06,-0.000589962
395,-4.05e-06,-0.00197
396,-4.04e-06,-0.000589962
397,-4.03e-06,-0.000589962
398,-4.02e-06,0.000790078
399,-4.01e-06,0.000790078
400,-4e-06,-0.000589962
401,-3.99e-06,0.000790078
402,-3.98e-06,0.00217012
403,-3.97e-06,-0.000589962
404,-3.96e-06,0.000790078
405,-3.95e-06,-0.000589962
406,-3.94e-06,0.000790078
407,-3.93e-06,-0.000589962
408,-3.92e-06,-0.000589962
409,-3.91e-06,-0.00197
410,-3.9e-06,0.000790078
411,-3.89e-06,0.000790078
412,-3.88e-06,0.00217012
413,-3.87e-06,0.00217012
414,-3.86e-06,0.00217012
415,-3.85e-06,0.000790078
416,-3.84e-06,0.00217012
417,-3.83e-06,0.00217012
418,-3.82e-06,-0.000589962
419,-3.81e-06,0.000790078
420,-3.8e-06,0.0049302
421,-3.79e-06,0.000790078
422,-3.78e-06,0.000790078
423,-3.77e-06,0.000790078
424,-3.76e-06,-0.000589962
425,-3.75e-06,-0.000589962
426,-3.74e-06,-0.000589962
427,-3.73e-06,0.00217012
428,-3.72e-06,0.000790078
429,-3.71e-06,-0.000589962
430,-3.7e-06,-0.000589962
431,-3.69e-06,0.000790078
432,-3.68e-06,0.000790078
433,-3.67e-06,-0.00197
434,-3.66e-06,-0.000589962
435,-3.65e-06,-0.000589962
436,-3.64e-06,0.000790078
437,-3.63e-06,0.000790078
438,-3.62e-06,-0.000589962
439,-3.61e-06,0.000790078
440,-3.6e-06,-0.000589962
441,-3.59e-06,0.000790078
442,-3.58e-06,-0.000589962
443,-3.57e-06,-0.000589962
444,-3.56e-06,-0.000589962
445,-3.55e-06,0.00217012
446,-3.54e-06,0.000790078
447,-3.53e-06,-0.000589962
448,-3.52e-06,0.00217012
449,-3.51e-06,0.000790078
450,-3.5e-06,0.000790078
451,-3.49e-06,0.000790078
452,-3.48e-06,0.00217012
453,-3.47e-06,0.00217012
454,-3.46e-06,-0.000589962
455,-3.45e-06,-0.00197
456,-3.44e-06,0.000790078
457,-3.43e-06,0.000790078
458,-3.42e-06,0.00217012
459,-3.41e-06,-0.00197
460,-3.4e-06,0.000790078
461,-3.39e-06,0.000790078
462,-3.38e-06,-0.00197
463,-3.37e-06,-0.000589962
464,-3.36e-06,-0.000589962
465,-3.35e-06,-0.000589962
466,-3.34e-06,0.000790078
467,-3.33e-06,0.000790078
468,-3.32e-06,-0.000589962
469,-3.31e-06,0.000790078
470,-3.3e-06,-0.000589962
471,-3.29e-06,-0.00197
472,-3.28e-06,-0.00335004
473,-3.27e-06,0.000790078
474,-3.26e-06,0.000790078
475,-3.25e-06,0.000790078
476,-3.24e-06,-0.000589962
477,-3.23e-06,0.000790078
478,-3.22e-06,-0.00197
479,-3.21e-06,0.000790078
480,-3.2e-06,-0.000589962
481,-3.19e-06,-0.000589962
482,-3.18e-06,-0.000589962
483,-3.17e-06,0.000790078
484,-3.16e-06,-0.000589962
485,-3.15e-06,-0.00197
486,-3.14e-06,0.000790078
487,-3.13e-06,0.00217012
488,-3.12e-06,0.000790078
489,-3.11e-06,0.000790078
490,-3.1e-06,-0.000589962
491,-3.09e-06,-0.000589962
492,-3.08e-06,0.00217012
493,-3.07e-06,0.00217012
494,-3.06e-06,-0.000589962
495,-3.05e-06,-0.000589962
496,-3.04e-06,-0.000589962
497,-3.03e-06,-0.00197
498,-3.02e-06,-0.000589962
499,-3.01e-06,0.00217012
500,-3e-06,-0.000589962
501,-2.99e-06,-0.00197
502,-2.98e-06,-0.00197
503,-2.97e-06,0.000790078
504,-2.96e-06,-0.000589962
505,-2.95e-06,-0.000589962
506,-2.94e-06,-0.00197
507,-2.93e-06,-0.000589962
508,-2.92e-06,-0.00197
509,-2.91e-06,-0.000589962
510,-2.9e-06,-0.000589962
511,-2.89e-06,0.000790078
512,-2.88e-06,0.000790078
513,-2.87e-06,-0.000589962
514,-2.86e-06,0.000790078
515,-2.85e-06,-0.00197
516,-2.84e-06,0.000790078
517,-2.83e-06,0.000790078
518,-2.82e-06,-0.00197
519,-2.81e-06,-0.00197
520,-2.8e-06,-0.000589962
521,-2.79e-06,0.00217012
522,-2.78e-06,-0.000589962
523,-2.77e-06,-0.000589962
524,-2.76e-06,-0.000589962
525,-2.75e-06,0.00217012
526,-2.74e-06,0.000790078
527,-2.73e-06,0.000790078
528,-2.72e-06,0.00217012
529,-2.71e-06,0.000790078
530,-2.7e-06,0.000790078
531,-2.69e-06,0.00217012
532,-2.68e-06,-0.000589962
533,-2.67e-06,-0.000589962
534,-2.66e-06,0.000790078
535,-2.65e-06,-0.000589962
536,-2.64e-06,0.000790078
537,-2.63e-06,-0.000589962
538,-2.62e-06,-0.000589962
539,-2.61e-06,0.000790078
540,-2.6e-06,-0.000589962
541,-2.59e-06,-0.000589962
542,-2.58e-06,-0.000589962
543,-2.57e-06,-0.000589962
544,-2.56e-06,0.000790078
545,-2.55e-06,-0.000589962
546,-2.54e-06,0.00217012
547,-2.53e-06,0.000790078
548,-2.52e-06,-0.000589962
549,-2.51e-06,-0.000589962
550,-2.5e-06,0.00217012
551,-2.49e-06,0.00217012
552,-2.48e-06,0.000790078
553,-2.47e-06,0.000790078
554,-2.46e-06,0.000790078
555,-2.45e-06,0.000790078
556,-2.44e-06,0.00217012
557,-2.43e-06,0.000790078
558,-2.42e-06,0.000790078
559,-2.41e-06,0.00217012
560,-2.4e-06,0.00217012
561,-2.39e-06,0.000790078
562,-2.38e-06,0.00217012
563,-2.37e-06,0.000790078
564,-2.36e-06,0.000790078
565,-2.35e-06,0.000790078
566,-2.34e-06,-0.000589962
567,-2.33e-06,-0.000589962
568,-2.32e-06,-0.000589962
569,-2.31e-06,0.000790078
570,-2.3e-06,-0.000589962
571,-2.29e-06,0.000790078
572,-2.28e-06,-0.000589962
573,-2.27e-06,0.000790078
574,-2.26e-06,-0.00197
575,-2.25e-06,-0.000589962
576,-2.24e-06,0.000790078
577,-2.23e-06,-0.000589962
578,-2.22e-06,0.000790078
579,-2.21e-06,0.000790078
580,-2.2e-06,-0.000589962
581,-2.19e-06,0.000790078
582,-2.18e-06,-0.000589962
583,-2.17e-06,0.000790078
584,-2.16e-06,-0.00197
585,-2.15e-06,-0.000589962
586,-2.14e-06,-0.00197
587,-2.13e-06,0.000790078
588,-2.12e-06,-0.00197
589,-2.11e-06,0.000790078
590,-2.1e-06,-0.00197
591,-2.09e-06,-0.000589962
592,-2.08e-06,-0.00197
593,-2.07e-06,0.000790078
594,-2.06e-06,-0.000589962
595,-2.05e-06,0.000790078
596,-2.04e-06,0.000790078
597,-2.03e-06,0.000790078
598,-2.02e-06,0.000790078
599,-2.01e-06,-0.00335004
600,-2e-06,0.000790078
601,-1.99e-06,-0.000589962
602,-1.98e-06,-0.00197
603,-1.97e-06,-0.000589962
604,-1.96e-06,-0.000589962
605,-1.95e-06,0.000790078
606,-1.94e-06,-0.000589962
607,-1.93e-06,0.000790078
608,-1.92e-06,-0.000589962
609,-1.91e-06,-0.000589962
610,-1.9e-06,0.000790078
611,-1.89e-06,0.000790078
612,-1.88e-06,-0.00197
613,-1.87e-06,0.000790078
614,-1.86e-06,-0.000589962
615,-1.85e-06,0.000790078
616,-1.84e-06,-0.000589962
617,-1.83e-06,-0.00197
618,-1.82e-06,-0.000589962
619,-1.81e-06,-0.000589962
620,-1.8e-06,-0.000589962
621,-1.79e-06,0.000790078
622,-1.78e-06,-0.00197
623,-1.77e-06,0.000790078
624,-1.76e-06,0.000790078
625,-1.75e-06,0.000790078
626,-1.74e-06,0.000790078
627,-1.73e-06,0.000790078
628,-1.72e-06,0.000790078
629,-1.71e-06,0.00217012
630,-1.7e-06,0.000790078
631,-1.69e-06,0.000790078
632,-1.68e-06,0.00217012
633,-1.67e-06,0.000790078
634,-1.66e-06,0.00217012
635,-1.65e-06,0.0049302
636,-1.64e-06,-0.000589962
637,-1.63e-06,0.000790078
638,-1.62e-06,0.000790078
639,-1.61e-06,0.00217012
640,-1.6e-06,-0.000589962
641,-1.59e-06,-0.000589962
642,-1.58e-06,-0.000589962
643,-1.57e-06,-0.000589962
644,-1.56e-06,0.000790078
645,-1.55e-06,-0.000589962
646,-1.54e-06,-0.000589962
647,-1.53e-06,0.000790078
648,-1.52e-06,0.000790078
649,-1.51e-06,0.000790078
650,-1.5e-06,-0.000589962
651,-1.49e-06,0.000790078
652,-1.48e-06,-0.000589962
653,-1.47e-06,-0.000589962
654,-1.46e-06,0.00217012
655,-1.45e-06,-0.000589962
656,-1.44e-06,0.00217012
657,-1.43e-06,0.000790078
658,-1.42e-06,-0.00197
659,-1.41e-06,-0.000589962
660,-1.4e-06,-0.000589962
661,-1.39e-06,0.000790078
662,-1.38e-06,-0.000589962
663,-1.37e-06,-0.000589962
664,-1.36e-06,0.000790078
665,-1.35e-06,-0.000589962
666,-1.34e-06,0.00217012
667,-1.33e-06,0.0049302
668,-1.32e-06,0.000790078
669,-1.31e-06,0.000790078
670,-1.3e-06,0.000790078
671,-1.29e-06,-0.000589962
672,-1.28e-06,0.000790078
673,-1.27e-06,-0.000589962
674,-1.26e-06,-0.000589962
675,-1.25e-06,-0.000589962
676,-1.24e-06,0.000790078
677,-1.23e-06,0.00217012
678,-1.22e-06,0.00217012
679,-1.21e-06,0.000790078
680,-1.2e-06,-0.000589962
681,-1.19e-06,-0.000589962
682,-1.18e-06,-0.00197
683,-1.17e-06,-0.00197
684,-1.16e-06,-0.000589962
685,-1.15e-06,-0.000589962
686,-1.14e-06,-0.000589962
687,-1.13e-06,-0.000589962
688,-1.12e-06,-0.00197
689,-1.11e-06,0.000790078
690,-1.1e-06,0.000790078
691,-1.09e-06,-0.000589962
692,-1.08e-06,-0.000589962
693,-1.07e-06,0.000790078
694,-1.06e-06,0.000790078
695,-1.05e-06,0.00217012
696,-1.04e-06,-0.000589962
697,-1.03e-06,-0.000589962
698,-1.02e-06,-0.000589962
699,-1.01e-06,0.00217012
700,-1e-06,-0.00197
701,-9.9e-07,-0.000589962
702,-9.8e-07,-0.000589962
703,-9.7e-07,0.000790078
704,-9.6e-07,0.000790078
705,-9.5e-07,0.000790078
706,-9.4e-07,0.000790078
707,-9.3e-07,0.000790078
708,-9.2e-07,-0.00197
709,-9.1e-07,-0.000589962
710,-9e-07,0.000790078
711,-8.9e-07,0.000790078
712,-8.8e-07,0.000790078
713,-8.7e-07,0.00217012
714,-8.6e-07,0.00217012
715,-8.5e-07,0.00217012
716,-8.4e-07,0.000790078
717,-8.3e-07,-0.000589962
718,-8.2e-07,-0.00197
719,-8.1e-07,-0.00197
720,-8e-07,-0.000589962
721,-7.9e-07,0.000790078
722,-7.8e-07,0.000790078
723,-7.7e-07,0.000790078
724,-7.6e-07,0.000790078
725,-7.5e-07,0.000790078
726,-7.4e-07,-0.000589962
727,-7.3e-07,-0.000589962
728,-7.2e-07,-0.000589962
729,-7.1e-07,-0.00197
730,-7e-07,-0.000589962
731,-6.9e-07,0.000790078
732,-6.8e-07,-0.000589962
733,-6.7e-07,-0.000589962
734,-6.6e-07,-0.000589962
735,-6.5e-07,-0.000589962
736,-6.4e-07,-0.00197
737,-6.3e-07,0.000790078
738,-6.2e-07,-0.000589962
739,-6.1e-07,0.000790078
740,-6e-07,0.000790078
741,-5.9e-07,0.000790078
742,-5.8e-07,0.000790078
743,-5.7e-07,0.00217012
744,-5.6e-07,-0.00197
745,-5.5e-07,-0.00197
746,-5.4e-07,-0.00197
747,-5.3e-07,0.00217012
748,-5.2e-07,0.000790078
749,-5.1e-07,-0.00197
750,-5e-07,-0.000589962
751,-4.9e-07,-0.000589962
752,-4.8e-07,0.000790078
753,-4.7e-07,0.00217012
754,-4.6e-07,0.000790078
755,-4.5e-07,-0.00197
756,-4.4e-07,-0.000589962
757,-4.3e-07,-0.000589962
758,-4.2e-07,-0.00197
759,-4.1e-07,0.000790078
760,-4e-07,0.000790078
761,-3.9e-07,-0.000589962
762,-3.8e-07,-0.000589962
763,-3.7e-07,-0.000589962
764,-3.6e-07,-0.000589962
765,-3.5e-07,0.00217012
766,-3.4e-07,0.000790078
767,-3.3e-07,0.00217012
768,-3.2e-07,0.000790078
769,-3.1e-07,0.00217012
770,-3e-07,0.00217012
771,-2.9e-07,0.000790078
772,-2.8e-07,-0.000589962
773,-2.7e-07,-0.00197
774,-2.6e-07,-0.00197
775,-2.5e-07,-0.000589962
776,-2.4e-07,-0.00197
777,-2.3e-07,-0.000589962
778,-2.2e-07,-0.000589962
779,-2.1e-07,-0.000589962
780,-2e-07,-0.000589962
781,-1.9e-07,0.000790078
782,-1.8e-07,0.000790078
783,-1.7e-07,0.000790078
784,-1.6e-07,-0.000589962
785,-1.5e-07,-0.000589962
786,-1.4e-07,-0.000589962
787,-1.3e-07,-0.000589962
788,-1.2e-07,-0.000589962
789,-1.1e-07,0.0049302
790,-1e-07,0.000790078
791,-9e-08,0.00217012
792,-8e-08,0.00217012
793,-7e-08,0.000790078
794,-6e-08,0.00217012
795,-5e-08,0.00217012
796,-4e-08,-0.000589962
797,-3e-08,0.000790078
798,-2e-08,0.000790078
799,-1e-08,-0.00197
800,0,-0.000589962
801,1e-08,0.000790078
802,2e-08,0.00217012
803,3e-08,0.000790078
804,4e-08,-0.000589962
805,5e-08,0.000790078
806,6e-08,-0.00197
807,7e-08,0.000790078
808,8e-08,-0.000589962
809,9e-08,-0.000589962
810,1e-07,-0.00197
811,1.1e-07,-0.00197
812,1.2e-07,-0.000589962
813,1.3e-07,0.000790078
814,1.4e-07,-0.000589962
815,1.5e-07,-0.000589962
816,1.6e-07,-0.00335004
817,1.7e-07,-0.000589962
818,1.8e-07,-0.000589962
819,1.9e-07,-0.000589962
820,2e-07,-0.000589962
821,2.1e-07,0.000790078
822,2.2e-07,-0.000589962
823,2.3e-07,-0.000589962
824,2.4e-07,-0.000589962
825,2.5e-07,0.00217012
826,2.6e-07,-0.000589962
827,2.7e-07,0.000790078
828,2.8e-07,-0.00197
829,2.9e-07,0.000790078
830,3e-07,0.000790078
831,3.1e-07,0.00217012
832,3.2e-07,0.000790078
833,3.3e-07,-0.000589962
834,3.4e-07,-0.000589962
835,3.5e-07,0.000790078
836,3.6e-07,-0.000589962
837,3.7e-07,-0.000589962
838,3.8e-07,-0.000589962
839,3.9e-07,0.000790078
840,4e-07,-0.000589962
841,4.1e-07,0.000790078
842,4.2e-07,-0.000589962
843,4.3e-07,0.000790078
844,4.4e-07,-0.00197
845,4.5e-07,0.00217012
846,4.6e-07,0.000790078
847,4.7e-07,0.000790078
848,4.8e-07,-0.000589962
849,4.9e-07,0.000790078
850,5e-07,-0.000589962
851,5.1e-07,0.000790078
852,5.2e-07,-0.000589962
853,5.3e-07,-0.000589962
854,5.4e-07,0.000790078
855,5.5e-07,0.000790078
856,5.6e-07,-0.000589962
857,5.7e-07,-0.00197
858,5.8e-07,-0.00197
859,5.9e-07,-0.000589962
860,6e-07,-0.000589962
861,6.1e-07,0.000790078
862,6.2e-07,-0.000589962
863,6.3e-07,-0.000589962
864,6.4e-07,0.000790078
865,6.5e-07,0.000790078
866,6.6e-07,-0.000589962
867,6.7e-07,-0.000589962
868,6.8e-07,-0.000589962
869,6.9e-07,0.000790078
870,7e-07,-0.000589962
871,7.1e-07,-0.000589962
872,7.2e-07,-0.000589962
873,7.3e-07,0.000790078
874,7.4e-07,-0.000589962
875,7.5e-07,0.00217012
876,7.6e-07,-0.000589962
877,7.7e-07,-0.000589962
878,7.8e-07,-0.00197
879,7.9e-07,0.000790078
880,8e-07,0.000790078
881,8.1e-07,-0.000589962
882,8.2e-07,0.000790078
883,8.3e-07,0.000790078
884,8.4e-07,-0.000589962
885,8.5e-07,-0.000589962
886,8.6e-07,-0.000589962
887,8.7e-07,-0.00197
888,8.8e-07,-0.00197
889,8.9e-07,-0.000589962
890,9e-07,-0.00197
891,9.1e-07,-0.00197
892,9.2e-07,-0.000589962
893,9.3e-07,0.000790078
894,9.4e-07,-0.00197
895,9.5e-07,0.000790078
896,9.6e-07,-0.00197
897,9.7e-07,0.000790078
898,9.8e-07,0.000790078
899,9.9e-07,0.000790078
900,1e-06,-0.00197
901,1.01e-06,-0.000589962
902,1.02e-06,-0.00197
903,1.03e-06,-0.00197
904,1.04e-06,-0.000589962
905,1.05e-06,-0.000589962
906,1.06e-06,-0.00335004
907,1.07e-06,-0.000589962
908,1.08e-06,-0.000589962
909,1.09e-06,-0.000589962
910,1.1e-06,0.000790078
911,1.11e-06,0.000790078
912,1.12e-06,-0.000589962
913,1.13e-06,-0.00197
914,1.14e-06,-0.00197
915,1.15e-06,0.000790078
916,1.16e-06,-0.000589962
917,1.17e-06,0.00217012
918,1.18e-06,0.000790078
919,1.19e-06,0.00217012
920,1.2e-06,-0.000589962
921,1.21e-06,-0.00335004
922,1.22e-06,-0.000589962
923,1.23e-06,-0.000589962
924,1.24e-06,-0.000589962
925,1.25e-06,0.000790078
926,1.26e-06,-0.00197
927,1.27e-06,0.000790078
928,1.28e-06,0.000790078
929,1.29e-06,0.000790078
930,1.3e-06,-0.000589962
931,1.31e-06,-0.000589962
932,1.32e-06,-0.000589962
933,1.33e-06,0.000790078
934,1.34e-06,-0.000589962
935,1.35e-06,0.000790078
936,1.36e-06,0.000790078
937,1.37e-06,0.000790078
938,1.38e-06,-0.000589962
939,1.39e-06,0.000790078
940,1.4e-06,-0.000589962
941,1.41e-06,-0.000589962
942,1.42e-06,-0.00197
943,1.43e-06,0.000790078
944,1.44e-06,0.000790078
945,1.45e-06,0.000790078
946,1.46e-06,-0.000589962
947,1.47e-06,0.00217012
948,1.48e-06,-0.000589962
949,1.49e-06,0.000790078
950,1.5e-06,-0.000589962
951,1.51e-06,-0.000589962
952,1.52e-06,0.000790078
953,1.53e-06,0.000790078
954,1.54e-06,0.000790078
955,1.55e-06,0.000790078
956,1.56e-06,0.000790078
957,1.57e-06,0.000790078
958,1.58e-06,0.000790078
959,1.59e-06,0.000790078
960,1.6e-06,-0.00197
961,1.61e-06,0.00217012
962,1.62e-06,0.000790078
963,1.63e-06,-0.000589962
964,1.64e-06,0.000790078
965,1.65e-06,0.00217012
966,1.66e-06,0.00217012
967,1.67e-06,0.000790078
968,1.68e-06,-0.00197
969,1.69e-06,-0.00335004
970,1.7e-06,-0.000589962
971,1.71e-06,0.000790078
972,1.72e-06,-0.00197
973,1.73e-06,-0.000589962
974,1.74e-06,0.0049302
975,1.75e-06,0.00217012
976,1.76e-06,-0.000589962
977,1.77e-06,0.000790078
978,1.78e-06,-0.00197
979,1.79e-06,0.000790078
980,1.8e-06,-0.000589962
981,1.81e-06,0.000790078
982,1.82e-06,-0.000589962
983,1.83e-06,0.000790078
984,1.84e-06,-0.000589962
985,1.85e-06,-0.000589962
986,1.86e-06,-0.00197
987,1.87e-06,-0.000589962
988,1.88e-06,0.000790078
989,1.89e-06,-0.00197
990,1.9e-06,-0.00197
991,1.91e-06,-0.000589962
992,1.92e-06,0.00217012
993,1.93e-06,-0.000589962
994,1.94e-06,0.000790078
995,1.95e-06,-0.000589962
996,1.96e-06,0.00217012
997,1.97e-06,-0.000589962
998,1.98e-06,-0.000589962
999,1.99e-06,0.000790078
1000,2e-06,-0.000589962
1001,2.01e-06,-0.000589962
1002,2.02e-06,-0.000589962
1003,2.03e-06,-0.000589962
1004,2.04e-06,-0.000589962
1005,2.05e-06,0.000790078
1006,2.06e-06,-0.000589962
1007,2.07e-06,-0.000589962
1008,2.08e-06,-0.000589962
1009,2.09e-06,-0.00197
1010,2.1e-06,-0.000589962
1011,2.11e-06,0.00217012
1012,2.12e-06,-0.000589962
1013,2.13e-06,0.000790078
1014,2.14e-06,0.000790078
1015,2.15e-06,-0.00197
1016,2.16e-06,-0.000589962
1017,2.17e-06,-0.000589962
1018,2.18e-06,-0.00197
1019,2.19e-06,-0.00197
1020,2.2e-06,-0.00197
1021,2.21e-06,-0.000589962
1022,2.22e-06,-0.000589962
1023,2.23e-06,0.000790078
1024,2.24e-06,-0.000589962
1025,2.25e-06,0.000790078
1026,2.26e-06,-0.000589962
1027,2.27e-06,-0.000589962
1028,2.28e-06,0.000790078
1029,2.29e-06,-0.00197
1030,2.3e-06,-0.000589962
1031,2.31e-06,0.000790078
1032,2.32e-06,0.000790078
1033,2.33e-06,0.00217012
1034,2.34e-06,0.000790078
1035,2.35e-06,0.000790078
1036,2.36e-06,-0.00197
1037,2.37e-06,0.000790078
1038,2.38e-06,-0.00197
1039,2.39e-06,0.00217012
1040,2.4e-06,0.000790078
1041,2.41e-06,-0.00197
1042,2.42e-06,-0.000589962
1043,2.43e-06,-0.000589962
1044,2.44e-06,-0.000589962
1045,2.45e-06,0.000790078
1046,2.46e-06,-0.000589962
1047,2.47e-06,0.000790078
1048,2.48e-06,-0.000589962
1049,2.49e-06,0.000790078
1050,2.5e-06,-0.000589962
1051,2.51e-06,-0.000589962
1052,2.52e-06,-0.000589962
1053,2.53e-06,-0.000589962
1054,2.54e-06,-0.00197
1055,2.55e-06,0.000790078
1056,2.56e-06,0.000790078
1057,2.57e-06,0.000790078
1058,2.58e-06,0.000790078
1059,2.59e-06,-0.000589962
1060,2.6e-06,-0.00197
1061,2.61e-06,-0.00197
1062,2.62e-06,-0.000589962
1063,2.63e-06,-0.000589962
1064,2.64e-06,0.000790078
1065,2.65e-06,0.000790078
1066,2.66e-06,-0.00197
1067,2.67e-06,-0.000589962
1068,2.68e-06,0.000790078
1069,2.69e-06,-0.000589962
1070,2.7e-06,0.000790078
1071,2.71e-06,0.000790078
1072,2.72e-06,-0.000589962
1073,2.73e-06,-0.000589962
1074,2.74e-06,0.000790078
1075,2.75e-06,0.00217012
1076,2.76e-06,0.000790078
1077,2.77e-06,0.000790078
1078,2.78e-06,0.000790078
1079,2.79e-06,-0.000589962
1080,2.8e-06,0.000790078
1081,2.81e-06,-0.00197
1082,2.82e-06,-0.000589962
1083,2.83e-06,-0.00197
1084,2.84e-06,-0.000589962
1085,2.85e-06,-0.000589962
1086,2.86e-06,-0.00197
1087,2.87e-06,0.000790078
1088,2.88e-06,0.000790078
1089,2.89e-06,0.000790078
1090,2.9e-06,0.000790078
1091,2.91e-06,0.00217012
1092,2.92e-06,-0.000589962
1093,2.93e-06,-0.000589962
1094,2.94e-06,-0.000589962
1095,2.95e-06,0.0049302
1096,2.96e-06,0.000790078
1097,2.97e-06,-0.000589962
1098,2.98e-06,-0.00197
1099,2.99e-06,0.000790078
1100,3e-06,0.00217012
1101,3.01e-06,0.000790078
1102,3.02e-06,-0.000589962
1103,3.03e-06,0.000790078
1104,3.04e-06,-0.00197
1105,3.05e-06,0.000790078
1106,3.06e-06,0.00217012
1107,3.07e-06,0.000790078
1108,3.08e-06,0.000790078
1109,3.09e-06,0.000790078
1110,3.1e-06,0.00217012
1111,3.11e-06,0.000790078
1112,3.12e-06,0.000790078
1113,3.13e-06,-0.000589962
1114,3.14e-06,-0.000589962
1115,3.15e-06,-0.000589962
1116,3.16e-06,-0.00197
1117,3.17e-06,0.000790078
1118,3.18e-06,-0.00197
1119,3.19e-06,-0.00197
1120,3.2e-06,-0.000589962
1121,3.21e-06,-0.00197
1122,3.22e-06,-0.000589962
1123,3.23e-06,0.000790078
1124,3.24e-06,0.000790078
1125,3.25e-06,0.00217012
1126,3.26e-06,0.00217012
1127,3.27e-06,-0.000589962
1128,3.28e-06,-0.000589962
1129,3.29e-06,-0.000589962
1130,3.3e-06,0.000790078
1131,3.31e-06,0.000790078
1132,3.32e-06,-0.000589962
1133,3.33e-06,-0.000589962
1134,3.34e-06,-0.00197
1135,3.35e-06,0.000790078
1136,3.36e-06,-0.000589962
1137,3.37e-06,-0.000589962
1138,3.38e-06,-0.00197
1139,3.39e-06,-0.000589962
1140,3.4e-06,-0.000589962
1141,3.41e-06,-0.00197
1142,3.42e-06,-0.00197
1143,3.43e-06,-0.000589962
1144,3.44e-06,-0.000589962
1145,3.45e-06,0.000790078
1146,3.46e-06,-0.000589962
1147,3.47e-06,-0.00197
1148,3.48e-06,0.000790078
1149,3.49e-06,-0.000589962
1150,3.5e-06,-0.000589962
1151,3.51e-06,-0.00197
1152,3.52e-06,-0.00335004
1153,3.53e-06,-0.00197
1154,3.54e-06,-0.000589962
1155,3.55e-06,0.000790078
1156,3.56e-06,0.000790078
1157,3.57e-06,0.00217012
1158,3.58e-06,-0.00197
1159,3.59e-06,-0.00335004
1160,3.6e-06,-0.000589962
1161,3.61e-06,-0.000589962
1162,3.62e-06,-0.00197
1163,3.63e-06,-0.00197
1164,3.64e-06,-0.000589962
1165,3.65e-06,0.000790078
1166,3.66e-06,-0.000589962
1167,3.67e-06,0.000790078
1168,3.68e-06,-0.000589962
1169,3.69e-06,-0.000589962
1170,3.7e-06,-0.000589962
1171,3.71e-06,0.000790078
1172,3.72e-06,-0.00197
1173,3.73e-06,-0.000589962
1174,3.74e-06,0.000790078
1175,3.75e-06,-0.00335004
1176,3.76e-06,-0.000589962
1177,3.77e-06,-0.00197
1178,3.78e-06,-0.000589962
1179,3.79e-06,0.000790078
1180,3.8e-06,-0.000589962
1181,3.81e-06,-0.000589962
1182,3.82e-06,-0.000589962
1183,3.83e-06,-0.00197
1184,3.84e-06,0.000790078
1185,3.85e-06,-0.000589962
1186,3.86e-06,0.000790078
1187,3.87e-06,0.000790078
1188,3.88e-06,0.000790078
1189,3.89e-06,0.000790078
1190,3.9e-06,0.000790078
1191,3.91e-06,-0.00197
1192,3.92e-06,0.00217012
1193,3.93e-06,-0.000589962
1194,3.94e-06,-0.00197
1195,3.95e-06,-0.00197
1196,3.96e-06,-0.00197
1197,3.97e-06,-0.00197
1198,3.98e-06,-0.00197
1199,3.99e-06,-0.000589962
1200,4e-06,-0.00197
1201,4.01e-06,-0.000589962
1202,4.02e-06,-0.000589962
1203,4.03e-06,0.00217012
1204,4.04e-06,0.000790078
1205,4.05e-06,0.000790078
1206,4.06e-06,-0.000589962
1207,4.07e-06,-0.000589962
1208,4.08e-06,0.000790078
1209,4.09e-06,-0.000589962
1210,4.1e-06,0.000790078
1211,4.11e-06,0.000790078
1212,4.12e-06,-0.000589962
1213,4.13e-06,-0.000589962
1214,4.14e-06,0.000790078
1215,4.15e-06,-0.000589962
1216,4.16e-06,-0.000589962
1217,4.17e-06,0.000790078
1218,4.18e-06,0.000790078
1219,4.19e-06,0.000790078
1220,4.2e-06,-0.000589962
1221,4.21e-06,-0.000589962
1222,4.22e-06,-0.000589962
1223,4.23e-06,0.00217012
1224,4.24e-06,-0.000589962
1225,4.25e-06,-0.000589962
1226,4.26e-06,0.000790078
1227,4.27e-06,-0.00197
1228,4.28e-06,-0.000589962
1229,4.29e-06,0.00217012
1230,4.3e-06,-0.000589962
1231,4.31e-06,-0.000589962
1232,4.32e-06,-0.000589962
1233,4.33e-06,0.00217012
1234,4.34e-06,-0.000589962
1235,4.35e-06,0.00217012
1236,4.36e-06,-0.00197
1237,4.37e-06,0.000790078
1238,4.38e-06,-0.000589962
1239,4.39e-06,-0.000589962
1240,4.4e-06,-0.000589962
1241,4.41e-06,0.000790078
1242,4.42e-06,-0.000589962
1243,4.43e-06,-0.000589962
1244,4.44e-06,-0.000589962
1245,4.45e-06,-0.000589962
1246,4.46e-06,0.000790078
1247,4.47e-06,-0.000589962
1248,4.48e-06,-0.000589962
1249,4.49e-06,0.000790078
1250,4.5e-06,-0.00197
1251,4.51e-06,0.00217012
1252,4.52e-06,0.00217012
1253,4.53e-06,-0.000589962
1254,4.54e-06,-0.000589962
1255,4.55e-06,0.000790078
1256,4.56e-06,0.00217012
1257,4.57e-06,0.000790078
1258,4.58e-06,-0.00197
1259,4.59e-06,0.000790078
1260,4.6e-06,-0.000589962
1261,4.61e-06,0.000790078
1262,4.62e-06,-0.00197
1263,4.63e-06,-0.000589962
1264,4.64e-06,0.000790078
1265,4.65e-06,-0.000589962
1266,4.66e-06,-0.000589962
1267,4.67e-06,-0.00197
1268,4.68e-06,-0.000589962
1269,4.69e-06,-0.000589962
1270,4.7e-06,-0.000589962
1271,4.71e-06,-0.00197
1272,4.72e-06,-0.000589962
1273,4.73e-06,-0.000589962
1274,4.74e-06,0.00217012
1275,4.75e-06,0.000790078
1276,4.76e-06,-0.000589962
1277,4.77e-06,-0.00197
1278,4.78e-06,-0.00197
1279,4.79e-06,-0.000589962
1280,4.8e-06,0.000790078
1281,4.81e-06,-0.000589962
1282,4.82e-06,-0.00197
1283,4.83e-06,-0.00197
1284,4.84e-06,0.000790078
1285,4.85e-06,0.000790078
1286,4.86e-06,-0.00197
1287,4.87e-06,0.000790078
1288,4.88e-06,-0.00197
1289,4.89e-06,-0.00197
1290,4.9e-06,-0.000589962
1291,4.91e-06,-0.00197
1292,4.92e-06,0.000790078
1293,4.93e-06,0.00217012
1294,4.94e-06,-0.000589962
1295,4.95e-06,-0.00197
1296,4.96e-06,-0.00335004
1297,4.97e-06,-0.00197
1298,4.98e-06,-0.00197
1299,4.99e-06,-0.000589962
1300,5e-06,-0.000589962
1301,5.01e-06,0.000790078
1302,5.02e-06,0.00217012
1303,5.03e-06,0.00217012
1304,5.04e-06,-0.000589962
1305,5.05e-06,-0.000589962
1306,5.06e-06,0.000790078
1307,5.07e-06,-0.00197
1308,5.08e-06,0.000790078
1309,5.09e-06,-0.000589962
1310,5.1e-06,-0.000589962
1311,5.11e-06,-0.00197
1312,5.12e-06,0.000790078
1313,5.13e-06,0.000790078
1314,5.14e-06,-0.000589962
1315,5.15e-06,-0.000589962
1316,5.16e-06,-0.000589962
1317,5.17e-06,-0.000589962
1318,5.18e-06,-0.000589962
1319,5.19e-06,-0.000589962
1320,5.2e-06,0.000790078
1321,5.21e-06,0.000790078
1322,5.22e-06,-0.000589962
1323,5.23e-06,0.000790078
1324,5.24e-06,-0.00197
1325,5.25e-06,-0.000589962
1326,5.26e-06,-0.00197
1327,5.27e-06,0.000790078
1328,5.28e-06,-0.00197
1329,5.29e-06,0.000790078
1330,5.3e-06,0.000790078
1331,5.31e-06,-0.00197
1332,5.32e-06,0.000790078
1333,5.33e-06,-0.000589962
1334,5.34e-06,-0.00197
1335,5.35e-06,0.000790078
1336,5.36e-06,0.000790078
1337,5.37e-06,-0.000589962
1338,5.38e-06,0.000790078
1339,5.39e-06,-0.000589962
1340,5.4e-06,-0.00197
1341,5.41e-06,0.00217012
1342,5.42e-06,-0.000589962
1343,5.43e-06,0.000790078
1344,5.44e-06,0.000790078
1345,5.45e-06,0.000790078
1346,5.46e-06,0.000790078
1347,5.47e-06,-0.000589962
1348,5.48e-06,-0.000589962
1349,5.49e-06,0.00217012
1350,5.5e-06,0.000790078
1351,5.51e-06,0.000790078
1352,5.52e-06,-0.000589962
1353,5.53e-06,0.000790078
1354,5.54e-06,-0.00197
1355,5.55e-06,0.00217012
1356,5.56e-06,0.000790078
1357,5.57e-06,0.00217012
1358,5.58e-06,0.000790078
1359,5.59e-06,0.000790078
1360,5.6e-06,-0.00197
1361,5.61e-06,-0.00197
1362,5.62e-06,-0.00197
1363,5.63e-06,-0.000589962
1364,5.64e-06,0.000790078
1365,5.65e-06,0.000790078
1366,5.66e-06,0.000790078
1367,5.67e-06,0.000790078
1368,5.68e-06,-0.00197
1369,5.69e-06,-0.000589962
1370,5.7e-06,-0.000589962
1371,5.71e-06,-0.000589962
1372,5.72e-06,0.000790078
1373,5.73e-06,-0.000589962
1374,5.74e-06,-0.000589962
1375,5.75e-06,0.000790078
1376,5.76e-06,0.00217012
1377,5.77e-06,-0.000589962
1378,5.78e-06,-0.000589962
1379,5.79e-06,0.000790078
1380,5.8e-06,-0.000589962
1381,5.81e-06,0.000790078
1382,5.82e-06,-0.00197
1383,5.83e-06,0.000790078
1384,5.84e-06,0.000790078
1385,5.85e-06,0.000790078
1386,5.86e-06,-0.000589962
1387,5.87e-06,0.00217012
1388,5.88e-06,-0.000589962
1389,5.89e-06,0.000790078
1390,5.9e-06,-0.000589962
1391,5.91e-06,-0.000589962
1392,5.92e-06,0.000790078
1393,5.93e-06,0.00217012
1394,5.94e-06,0.000790078
1395,5.95e-06,0.00217012
1396,5.96e-06,0.000790078
1397,5.97e-06,-0.000589962
1398,5.98e-06,-0.000589962
1399,5.99e-06,-0.000589962
1400,6e-06,-0.000589962
1401,6.01e-06,-0.000589962
1402,6.02e-06,0.000790078
1403,6.03e-06,0.000790078
1404,6.04e-06,-0.000589962
1405,6.05e-06,0.00217012
1406,6.06e-06,0.000790078
1407,6.07e-06,0.000790078
1408,6.08e-06,0.000790078
1409,6.09e-06,0.000790078
1410,6.1e-06,0.000790078
1411,6.11e-06,0.00217012
1412,6.12e-06,0.000790078
1413,6.13e-06,0.000790078
1414,6.14e-06,-0.000589962
1415,6.15e-06,-0.000589962
1416,6.16e-06,-0.000589962
1417,6.17e-06,0.000790078
1418,6.18e-06,-0.000589962
1419,6.19e-06,0.000790078
1420,6.2e-06,-0.000589962
1421,6.21e-06,0.00217012
1422,6.22e-06,0.00217012
1423,6.23e-06,0.00217012
1424,6.24e-06,0.00217012
1425,6.25e-06,0.000790078
1426,6.26e-06,-0.000589962
1427,6.27e-06,-0.000589962
1428,6.28e-06,0.00217012
1429,6.29e-06,-0.00197
1430,6.3e-06,-0.00197
1431,6.31e-06,-0.000589962
1432,6.32e-06,0.000790078
1433,6.33e-06,0.000790078
1434,6.34e-06,0.000790078
1435,6.35e-06,-0.000589962
1436,6.36e-06,-0.00197
1437,6.37e-06,0.00217012
1438,6.38e-06,-0.000589962
1439,6.39e-06,0.00217012
1440,6.4e-06,-0.000589962
1441,6.41e-06,-0.000589962
1442,6.42e-06,0.000790078
1443,6.43e-06,-0.000589962
1444,6.44e-06,0.000790078
1445,6.45e-06,-0.000589962
1446,6.46e-06,-0.000589962
1447,6.47e-06,-0.000589962
1448,6.48e-06,-0.000589962
1449,6.49e-06,-0.000589962
1450,6.5e-06,0.000790078
1451,6.51e-06,0.000790078
1452,6.52e-06,0.000790078
1453,6.53e-06,-0.000589962
1454,6.54e-06,-0.00197
1455,6.55e-06,0.000790078
1456,6.56e-06,-0.000589962
1457,6.57e-06,-0.000589962
1458,6.58e-06,0.000790078
1459,6.59e-06,-0.000589962
1460,6.6e-06,0.000790078
1461,6.61e-06,0.000790078
1462,6.62e-06,-0.00197
1463,6.63e-06,-0.000589962
1464,6.64e-06,0.000790078
1465,6.65e-06,-0.000589962
1466,6.66e-06,0.000790078
1467,6.67e-06,0.000790078
1468,6.68e-06,-0.000589962
1469,6.69e-06,0.000790078
1470,6.7e-06,-0.000589962
1471,6.71e-06,0.000790078
1472,6.72e-06,-0.00197
1473,6.73e-06,-0.00197
1474,6.74e-06,-0.000589962
1475,6.75e-06,0.00217012
1476,6.76e-06,0.00217012
1477,6.77e-06,-0.000589962
1478,6.78e-06,0.000790078
1479,6.79e-06,0.000790078
1480,6.8e-06,-0.000589962
1481,6.81e-06,0.000790078
1482,6.82e-06,0.000790078
1483,6.83e-06,0.00217012
1484,6.84e-06,0.00217012
1485,6.85e-06,0.000790078
1486,6.86e-06,0.000790078
1487,6.87e-06,-0.000589962
1488,6.88e-06,-0.000589962
1489,6.89e-06,-0.000589962
1490,6.9e-06,-0.000589962
1491,6.91e-06,-0.00197
1492,6.92e-06,-0.000589962
1493,6.93e-06,-0.000589962
1494,6.94e-06,-0.000589962
1495,6.95e-06,0.000790078
1496,6.96e-06,-0.000589962
1497,6.97e-06,-0.000589962
1498,6.98e-06,0.000790078
1499,6.99e-06,-0.000589962
1500,7e-06,0.000790078
1501,7.01e-06,0.00217012
1502,7.02e-06,0.000790078
1503,7.03e-06,0.00217012
1504,7.04e-06,0.00217012
1505,7.05e-06,-0.000589962
1506,7.06e-06,-0.000589962
1507,7.07e-06,-0.000589962
1508,7.08e-06,0.000790078
1509,7.09e-06,-0.000589962
1510,7.1e-06,-0.00197
1511,7.11e-06,-0.00197
1512,7.12e-06,-0.000589962
1513,7.13e-06,-0.000589962
1514,7.14e-06,0.000790078
1515,7.15e-06,-0.000589962
1516,7.16e-06,-0.00197
1517,7.17e-06,-0.000589962
1518,7.18e-06,0.000790078
1519,7.19e-06,-0.00197
1520,7.2e-06,-0.000589962
1521,7.21e-06,0.000790078
1522,7.22e-06,0.000790078
1523,7.23e-06,0.000790078
1524,7.24e-06,0.00217012
1525,7.25e-06,-0.000589962
1526,7.26e-06,0.00217012
1527,7.27e-06,0.000790078
1528,7.28e-06,0.000790078
1529,7.29e-06,0.000790078
1530,7.3e-06,-0.000589962
1531,7.31e-06,-0.000589962
1532,7.32e-06,-0.000589962
1533,7.33e-06,0.000790078
1534,7.34e-06,-0.000589962
1535,7.35e-06,0.00217012
1536,7.36e-06,0.000790078
1537,7.37e-06,0.000790078
1538,7.38e-06,0.000790078
1539,7.39e-06,0.000790078
1540,7.4e-06,0.000790078
1541,7.41e-06,0.000790078
1542,7.42e-06,0.000790078
1543,7.43e-06,0.000790078
1544,7.44e-06,-0.000589962
1545,7.45e-06,-0.00197
1546,7.46e-06,0.000790078
1547,7.47e-06,-0.000589962
1548,7.48e-06,0.000790078
1549,7.49e-06,0.000790078
1550,7.5e-06,0.000790078
1551,7.51e-06,0.000790078
1552,7.52e-06,-0.000589962
1553,7.53e-06,0.000790078
1554,7.54e-06,0.000790078
1555,7.55e-06,0.00217012
1556,7.56e-06,-0.000589962
1557,7.57e-06,0.000790078
1558,7.58e-06,0.000790078
1559,7.59e-06,-0.000589962
1560,7.6e-06,0.000790078
1561,7.61e-06,0.000790078
1562,7.62e-06,-0.000589962
1563,7.63e-06,-0.000589962
1564,7.64e-06,-0.000589962
1565,7.65e-06,0.000790078
1566,7.66e-06,0.000790078
1567,7.67e-06,-0.000589962
1568,7.68e-06,0.000790078
1569,7.69e-06,0.000790078
1570,7.7e-06,-0.000589962
1571,7.71e-06,-0.000589962
1572,7.72e-06,0.00217012
1573,7.73e-06,0.00217012
1574,7.74e-06,-0.000589962
1575,7.75e-06,0.000790078
1576,7.76e-06,0.000790078
1577,7.77e-06,0.00217012
1578,7.78e-06,0.000790078
1579,7.79e-06,0.000790078
1580,7.8e-06,-0.00197
1581,7.81e-06,0.00217012
1582,7.82e-06,-0.00197
1583,7.83e-06,-0.00197
1584,7.84e-06,-0.00197
1585,7.85e-06,-0.000589962
1586,7.86e-06,-0.000589962
1587,7.87e-06,-0.000589962
1588,7.88e-06,0.000790078
1589,7.89e-06,0.000790078
1590,7.9e-06,0.000790078
1591,7.91e-06,-0.000589962
1592,7.92e-06,0.000790078
1593,7.93e-06,-0.000589962
1594,7.94e-06,-0.000589962
1595,7.95e-06,-0.000589962
1596,7.96e-06,-0.000589962
1597,7.97e-06,0.000790078
1598,7.98e-06,0.000790078
1599,7.99e-06,0.000790078
